S/N, ApplicationNumber, Title, AssigneeOriginal, Language, PriorityDate, FilingDate, PublicationDate, GrantDate, Inventor, Assignee, Pdf
1, CN101815328A, 基于UL CoMP信息来缩短越区切换中断时间的方法和设备, 上海贝尔股份有限公司, , 2009-02-24, 2009-02-24, 2010-08-25, , 刘瑾-朱旭东-杨涛, , https://patentimages.storage.googleapis.com/26/b7/22/29be65e947b186/CN101815328A.pdf
1.1, CN101815328B, 基于UL CoMP信息来缩短越区切换中断时间的方法和设备, 上海贝尔股份有限公司, , 2009-02-24, 2009-02-24, 2013-04-17, 2013-04-17, 杨涛-刘瑾-朱旭东, , https://patentimages.storage.googleapis.com/d9/48/69/013862544a34a3/CN101815328B.pdf
2, CN102740434A, 一种进行上行功率控制的方法和装置, 上海贝尔股份有限公司, , 2011-04-15, 2011-04-15, 2012-10-17, , 刘瑾-尚鹏-朱旭东-杨育波, , https://patentimages.storage.googleapis.com/12/a7/63/d4854a7078dbb7/CN102740434A.pdf
2.1, CN102740434B, 一种进行上行功率控制的方法和装置, 上海贝尔股份有限公司, , , 2011-04-15, 2016-12-14, 2016-12-14, 朱旭东-杨育波-刘瑾-尚鹏, , https://patentimages.storage.googleapis.com/70/c8/c8/b34fec8f3258ee/CN102740434B.pdf
2.2, EP2698011A4, Method and device for controlling uplink power, Alcatel-Lucent SA, , 2011-04-15, 2012-03-30, 2014-10-22, , Xudong Zhu-Yubo Yang-Jin Liu-Peng Shang, , 
2.3, JP5832630B2, アップリンク電力を制御するための方法およびデバイス, アルカテル−ルーセント, , 2011-04-15, 2012-03-30, 2015-12-16, 2015-12-16, ジュウ，シュイドン-ヤン，ユイボ-リウ，ジン-シャン，ペン, , 
2.4, WO2012140517A1, Method and device for controlling uplink power, Alcatel Lucent, , 2011-04-15, 2012-03-30, 2012-10-18, , Xudong Zhu-Yubo Yang-Jin Liu-Peng Shang, , 
2.5, US20140226578A1, Method and device for controlling uplink power, Alcatel-Lucent SA, , 2011-04-15, 2012-03-30, 2014-08-14, , XuDong Zhu-Yubo Yang-Jin Liu-Peng Shang, , https://patentimages.storage.googleapis.com/07/b6/5f/33f34acca61820/US20140226578A1.pdf
2.6, KR20140002043A, 업링크 전력 제어 방법 및 장치, 알까뗄 루슨트, , 2011-04-15, 2012-03-30, 2014-01-07, , 슈동 주-유보 양-진 리우-펭 상, , https://patentimages.storage.googleapis.com/55/8d/ec/30e9209bbbe52a/KR20140002043A.pdf
3, WO2011020212A1, 切换方法及相应的基站、中继节点和通信系统, 上海贝尔股份有限公司阿尔卡特朗讯, , 2009-08-17, 2009-08-17, 2011-02-24, , 杨涛-温萍萍-刘瑾, , 
3.1, CN102474761A, 切换方法及相应的基站、中继节点和通信系统, 上海贝尔股份有限公司, , 2009-08-17, 2009-08-17, 2012-05-23, , 杨涛-温萍萍-刘瑾, , https://patentimages.storage.googleapis.com/2c/e7/8b/2741302d891b58/CN102474761A.pdf
4, WO2011123975A1, Pusch的上行传输方法、和系统, 上海贝尔股份有限公司阿尔卡特朗讯, , 2010-04-06, 2010-04-06, 2011-10-13, , 刘瑾-杨涛-张晓博, , 
4.1, CN102754476B, Pusch的上行传输方法、和系统, 上海贝尔股份有限公司, , 2010-04-06, 2010-04-06, 2015-01-21, 2015-01-21, 刘瑾-杨涛-张晓博, , https://patentimages.storage.googleapis.com/08/05/01/d4c43c6d0631e6/CN102754476B.pdf
5, CN101902780A, 无线多用户通信的方法及其装置, 上海贝尔股份有限公司, , 2009-05-26, 2009-05-26, 2010-12-01, , 刘瑾-温萍萍-赵岩, , https://patentimages.storage.googleapis.com/5b/f2/c1/d2f561af13f3e7/CN101902780A.pdf
5.1, CN101902780B, 无线多用户通信的方法及其装置, 上海贝尔股份有限公司, , 2009-05-26, 2009-05-26, 2013-03-13, 2013-03-13, 刘瑾-赵岩-温萍萍, , https://patentimages.storage.googleapis.com/71/58/b3/f22cdc7ce744b9/CN101902780B.pdf
6, CN101789811A, 在通信系统中进行信息交互和数据处理的方法、系统和基站, 上海贝尔股份有限公司, , 2009-01-22, 2009-01-22, 2010-07-28, , 刘瑾-温萍萍-赵岩, , https://patentimages.storage.googleapis.com/9c/9d/ce/6ea0bb165ac4b7/CN101789811A.pdf
6.1, CN101789811B, 在通信系统中进行信息交互和数据处理的方法、系统和基站, 上海贝尔股份有限公司, , 2009-01-22, 2009-01-22, 2013-03-27, 2013-03-27, 温萍萍-刘瑾-赵岩, , https://patentimages.storage.googleapis.com/cd/ce/2f/d2abf321cda34c/CN101789811B.pdf
7, CN102958059A, 用于载波聚合中时分双工配置的方法和设备, 上海贝尔股份有限公司, , 2011-08-17, 2011-08-17, 2013-03-06, , 孙芳蕾-杨涛-张晓博-刘瑾, , https://patentimages.storage.googleapis.com/a9/cf/df/73c0c045a88487/CN102958059A.pdf
7.1, CN102958059B, 用于载波聚合中时分双工配置的方法和设备, 上海贝尔股份有限公司, , 2011-08-17, 2011-08-17, 2016-05-25, 2016-05-25, 孙芳蕾-杨涛-张晓博-刘瑾, , https://patentimages.storage.googleapis.com/dd/1e/0f/d148f175b91284/CN102958059B.pdf
8, CN103427940A, 传输上行控制信息的方法和装置, 上海贝尔股份有限公司, , 2012-05-20, 2012-05-20, 2013-12-04, , 刘瑾-朱旭东-杨涛, , https://patentimages.storage.googleapis.com/7a/3a/1e/8a5e931725f5a4/CN103427940A.pdf
8.1, CN103427940B, 传输上行控制信息的方法和装置, 上海贝尔股份有限公司, , 2012-05-20, 2012-05-20, 2017-09-15, 2017-09-15, 刘瑾-朱旭东-杨涛, , https://patentimages.storage.googleapis.com/d6/70/33/36fd63b4a5cdd9/CN103427940B.pdf
9, CN101841504A, 用于多信息流通信的数据交错通信方法, 上海贝尔股份有限公司, , 2009-03-16, 2009-03-16, 2010-09-22, , 刘瑾-吴绍权-尤明礼-朱旭东, , https://patentimages.storage.googleapis.com/ff/42/c1/5469c1bb4233ee/CN101841504A.pdf
9.1, CN101841504B, 用于多信息流通信的数据交错通信方法, 上海贝尔股份有限公司, , 2009-03-16, 2009-03-16, 2013-04-24, 2013-04-24, 刘瑾-朱旭东-尤明礼-吴绍权, , https://patentimages.storage.googleapis.com/30/e4/eb/ab35b3cd8585ee/CN101841504B.pdf
9.2, WO2010105541A1, 用于多信息流通信的数据交错通信方法, 阿尔卡特朗讯, , 2009-03-16, 2010-03-15, 2010-09-23, , 刘瑾-朱旭东-尤明礼-吴绍权, , 
10, CN101841496A, 多输入多输出系统中用于多小区协作通信的方法及装置, 上海贝尔股份有限公司, , 2009-03-17, 2009-03-17, 2010-09-22, , 刘瑾-孙芳蕾-尤明礼-赵岩, , https://patentimages.storage.googleapis.com/61/75/3a/46d608f7e9564f/CN101841496A.pdf
10.1, CN101841496B, 多输入多输出系统中用于多小区协作通信的方法及装置, 上海贝尔股份有限公司, , 2009-03-17, 2009-03-17, 2013-03-13, 2013-03-13, 孙芳蕾-尤明礼-刘瑾-赵岩, , https://patentimages.storage.googleapis.com/c1/22/7b/022c837ea0b173/CN101841496B.pdf
10.2, JP5297557B2, 多入力多出力システムでのマルチセル協調通信の方法および装置, アルカテル−ルーセント, , 2009-03-17, 2010-03-16, 2013-09-25, 2013-09-25, サン，ファンレイ-ユウ，ミンリ-リュウ，ジン-ジャオ，ヤン, , 
10.3, EP2410664A4, Method and device for multiple-cell collaborative communication in mimo system, Alcatel-Lucent SA, , 2009-03-17, 2010-03-16, 2014-10-15, , Fanglei Sun-Mingli You-Jin Liu-Yan Zhao, , 
10.4, US8811316B2, Methods and apparatuses for multi-cell collaborative communication in a multiple input multiple output system, Alcatel-Lucent SA, , 2009-03-17, 2010-03-16, 2014-08-19, 2014-08-19, Fanglei Sun-Mingli You-Jin Liu-Yan Zhao, , https://patentimages.storage.googleapis.com/0c/fe/d4/497ac95bbaf7e9/US8811316.pdf
10.5, WO2010105549A1, 多输入多输出系统中用于多小区协作通信的方法及装置, 阿尔卡特朗讯, , 2009-03-17, 2010-03-16, 2010-09-23, , 孙芳蕾-尤明礼-刘瑾-赵岩, , 
10.6, KR101280854B1, Ｍｉｍｏ 시스템에서의 다중―셀 협력 통신을 위한 방법 및 디바이스, 알까뗄 루슨트, , 2009-03-17, 2010-03-16, 2013-07-02, 2013-07-02, 팡레이 순-밍리 유-진 리우-얀 자오, , https://patentimages.storage.googleapis.com/f0/4e/ec/e6d10883845f15/KR101280854B1.pdf
11, CN102291843A, 用于搜索空间共享的方法和装置, 上海贝尔股份有限公司, , 2010-06-18, 2010-06-18, 2011-12-21, , 刘瑾-尤明礼-张晓博, , https://patentimages.storage.googleapis.com/53/83/1a/ba0aec66462525/CN102291843A.pdf
11.1, CN102291843B, 用于搜索空间共享的方法和装置, 上海贝尔股份有限公司, , 2010-06-18, 2010-06-18, 2016-03-16, 2016-03-16, 张晓博-刘瑾-尤明礼, , https://patentimages.storage.googleapis.com/c0/be/3d/2202a569527a1b/CN102291843B.pdf
12, CN102291209A, 增强长期演进的管理设备中控制上行传输的方法及装置, 上海贝尔股份有限公司, , 2010-06-20, 2010-06-20, 2011-12-21, , 侯志华-刘瑾-尤明礼, , https://patentimages.storage.googleapis.com/37/f3/47/9a04ea7ace6156/CN102291209A.pdf
12.1, CN102291209B, 增强长期演进的管理设备中控制上行传输的方法及装置, 上海贝尔股份有限公司, , 2010-06-20, 2010-06-20, 2014-04-02, 2014-04-02, 刘瑾-尤明礼-侯志华, , https://patentimages.storage.googleapis.com/6a/1d/c1/17fa31739ea2c5/CN102291209B.pdf
12.2, US9008048B2, Method for controlling uplink transmission in a management device of LTE-A network and the device thereof, Alcatel-Lucent SA, , 2010-06-20, 2011-03-25, 2015-04-14, 2015-04-14, Jin Liu-Mingli You-Zhihua Hou, , https://patentimages.storage.googleapis.com/e0/e4/8d/bb24f989143e39/US9008048.pdf
12.3, EP2757729B1, Method and device for controlling uplink transmission in a management device of a lte-a nework, Alcatel-Lucent SA, , 2010-06-20, 2011-03-25, 2016-01-06, 2016-01-06, Jin Liu-Mingli You-Zhihua Hou, , https://patentimages.storage.googleapis.com/63/d0/bb/c2f57c66d1d146/EP2757729B1.pdf
12.4, JP5599508B2, Ｌｔｅ−ａネットワークの管理デバイスにおいてアップリンク伝送を制御する方法およびそのデバイス, アルカテル−ルーセント, , 2010-06-20, 2011-03-25, 2014-10-01, 2014-10-01, リウ，ジン-ユウ，ミンリ-ホウ，ジフア, , 
12.5, KR101435425B1, Ｌｔｅ－ａ 네트워크의 관리 디바이스에서 업링크 송신을 제어하는 방법 및 그 디바이스, 알까뗄 루슨트, , 2010-06-20, 2011-03-25, 2014-08-29, 2014-08-29, 진 리우-밍리 유-지후아 호우, , https://patentimages.storage.googleapis.com/97/3b/80/b33e6c8ce962fc/KR101435425B1.pdf
12.6, EP2583402B1, Method and device for controlling an uplink transmission in a management device of lte-a network, Alcatel-Lucent SA, , 2010-06-20, 2011-03-25, 2014-12-10, 2014-12-10, Jin Liu-Mingli You-Zhihua Hou, , https://patentimages.storage.googleapis.com/78/fb/45/acf440f1f8ff49/EP2583402B1.pdf
12.7, WO2011161500A3, A method for controlling uplink transmission in a management device of lte-a network and the device thereof, Alcatel Lucent, , 2010-06-20, 2011-03-25, 2012-06-07, , Zhihua Hou-Jin Liu-Mingli You, , 
12.8, ES2531287T3, Procedimiento y dispositivo de control de una transmisión de enlace ascendente en un dispositivo de gestión de red de LTE-A, Alcatel-Lucent SA, , 2010-06-20, 2011-03-25, 2015-03-12, 2015-03-12, Jin Liu-Mingli You-Zhihua Hou, , https://patentimages.storage.googleapis.com/d3/be/af/c01091cbafb74d/ES2531287T3.pdf
12.9, US20150280850A1, Method for controlling uplink transmission in a management device of lte-a network and the device thereof, Alcatel-Lucent SA, , 2010-06-20, 2015-04-08, 2015-10-01, , Jin Liu-Mingli You-Zhihua Hou, , https://patentimages.storage.googleapis.com/f0/25/4b/3fcde49d8bd65f/US20150280850A1.pdf
13, CN102377549A, 用于非自适应重传的方法和装置, 上海贝尔股份有限公司, , 2010-08-17, 2010-08-17, 2012-03-14, , 刘瑾-朱旭东, , https://patentimages.storage.googleapis.com/26/43/4f/c429b5375016f6/CN102377549A.pdf
13.1, US20130148584A1, Method and apparatus for non-adaptive retransmission, Alcatel-Lucent SA, , 2010-08-17, 2011-07-29, 2013-06-13, , XuDong Zhu-Jin Liu, , https://patentimages.storage.googleapis.com/de/7d/c9/ab52b990db7220/US20130148584A1.pdf
13.2, EP2606597A4, Method and apparatus for non-adaptive retransmission, Alcatel-Lucent SA, , 2010-08-17, 2011-07-29, 2017-10-25, , Xudong Zhu-Jin Liu, , 
13.3, WO2012023036A3, Method and apparatus for non-adaptive retransmission, Alcatel Lucent, , 2010-08-17, 2011-07-29, 2012-04-12, , Jin Liu-Xudong Zhu, , 
13.4, JP2013537767A, 非適応再送信の方法および装置, アルカテル−ルーセント, , 2010-08-17, 2011-07-29, 2013-10-03, , チュ，シュトン-リウ，ジン, , https://patentimages.storage.googleapis.com/8e/4e/77/e9f65aa44fff81/JP2013537767A.pdf
13.5, KR101467968B1, 비적응성 재전송을 위한 방법 및 장치, 알까뗄 루슨트, , 2010-08-17, 2011-07-29, 2014-12-02, 2014-12-02, 수동 주-진 리우, , https://patentimages.storage.googleapis.com/a8/28/d6/a39e194059c09f/KR101467968B1.pdf
14, WO2010124418A1, 一种用于控制数据重传的方法和装置, 上海贝尔股份有限公司阿尔卡特朗讯, , 2009-04-28, 2009-04-28, 2010-11-04, , 刘瑾-朱旭东-杨林-杨涛, , 
14.1, CN102301631B, 一种用于控制数据重传的方法和装置, 上海贝尔股份有限公司, , 2009-04-28, 2009-04-28, 2014-10-08, 2014-10-08, 刘瑾-朱旭东-杨林-杨涛, , https://patentimages.storage.googleapis.com/4d/48/8c/5414e51f8b0cce/CN102301631B.pdf
15, WO2010148530A1, 用于处理要聚合发送的分量载波的方法和设备, 上海贝尔股份有限公司阿尔卡特朗讯, , 2009-06-22, 2009-06-22, 2010-12-29, , 杨林-刘瑾-张晓博, , 
15.1, CN102334363B, 用于处理要聚合发送的分量载波的方法和设备, 上海贝尔股份有限公司, , 2009-06-22, 2009-06-22, 2016-04-06, 2016-04-06, 杨林-刘瑾-张晓博, , https://patentimages.storage.googleapis.com/90/c6/58/3219bac1281f23/CN102334363B.pdf
15.2, JP2012531127A, 送信のためにアグリゲートされるコンポーネント・キャリアを処理するための方法および装置, アルカテル−ルーセント, , 2009-06-22, 2009-06-22, 2012-12-06, , ヤン，リン-リュウ，ジン-ジャン，シャオボ, , https://patentimages.storage.googleapis.com/e7/ce/09/564d4d6647d523/JP2012531127A.pdf
15.3, US20120093088A1, Method and device for processing component carriers to be aggregated for transmission, Alcatel-Lucent Shanghai Bell Co Ltd, , 2009-06-22, 2009-06-22, 2012-04-19, , Lin Yang-Jin Liu-Xiabo Zhang, , https://patentimages.storage.googleapis.com/08/f0/39/45ef6017756085/US20120093088A1.pdf
15.4, EP2448334A4, Method and device for executing multiple component carriers which are aggregated to transmit, Alcatel-Lucent SA, , 2009-06-22, 2009-06-22, 2016-12-21, , Lin Yang-Jin Liu-Xiaobo Zhang, , 
15.5, KR101354470B1, 송신을 위해 결합되는 다수의 요소 반송파들을 실행하기 위한 방법 및 디바이스, 알까뗄 루슨트, , 2009-06-22, 2009-06-22, 2014-01-24, 2014-01-24, 린 양-진 리우-시아오보 장, , https://patentimages.storage.googleapis.com/06/32/2d/2626f00ddd6c11/KR101354470B1.pdf
16, CN102315897B, 在物理上行共享信道上传输上行控制信息的方法及设备, 上海贝尔股份有限公司, , 2010-06-30, 2010-06-30, 2015-10-14, 2015-10-14, 刘瑾, , https://patentimages.storage.googleapis.com/19/03/79/29131747029e91/CN102315897B.pdf
17, CN102595514B, 非周期性探测参考信号的配置方法, 上海贝尔股份有限公司, , 2011-01-12, 2011-01-12, 2015-03-18, 2015-03-18, 刘瑾, , https://patentimages.storage.googleapis.com/9e/03/63/10fc9cb7dbbef1/CN102595514B.pdf
17.1, JP5632545B2, 非周期的なサウンディング参照信号を構成する方法, アルカテル−ルーセント, , 2011-01-12, 2011-11-08, 2014-11-26, 2014-11-26, リュー，ジン, , 
17.2, KR101488234B1, 비주기적 사운딩 기준 신호를 구성하는 방법, 알까뗄 루슨트, , 2011-01-12, 2011-11-08, 2015-01-30, 2015-01-30, 진 리우, , https://patentimages.storage.googleapis.com/96/93/48/3dda332c4e98c2/KR101488234B1.pdf
17.3, EP2664182A4, Method of configuring an aperiodic sounding reference signal, Alcatel-Lucent SA, , 2011-01-12, 2011-11-08, 2017-05-10, , Jin Liu, , 
17.4, US9369250B2, Method of configuring an aperiodic sounding reference signal, Alcatel-Lucent SA, , 2011-01-12, 2011-11-08, 2016-06-14, 2016-06-14, Jin Liu, , https://patentimages.storage.googleapis.com/ae/7b/d3/7e54db3ef87779/US9369250.pdf
17.5, RU2537701C1, Способ конфигурирования апериодического зондирующего опорного сигнала, Алькатель Люсент, , 2011-01-12, 2011-11-08, 2015-01-10, 2015-01-10, Цзинь ЛЮ, , 
17.6, WO2012095694A3, Method of configuring an aperiodic sounding reference signal, Alcatel Lucent, , 2011-01-12, 2011-11-08, 2012-10-18, , Jin Liu, , 
18, CN102045856B, 一种信号接收方法及其设备, 上海贝尔股份有限公司, , 2009-10-14, 2009-10-14, 2013-09-11, 2013-09-11, 朱旭东-刘瑾-尤明礼, , https://patentimages.storage.googleapis.com/d7/7b/0d/bdcb9098d9c046/CN102045856B.pdf
19, CN103391159B, 处理tdd中harq冲突和pusch重传冲突的方法, 上海贝尔股份有限公司, , 2012-05-11, 2012-05-11, 2016-06-01, 2016-06-01, 孙芳蕾-赵岩-孙欢-刘瑾, , https://patentimages.storage.googleapis.com/58/c8/62/6527e6156739cf/CN103391159B.pdf
19.1, US20150110082A1, Method of handling harq collision and pusch retransmission collision in tdd, Alcatel-Lucent SA, , 2012-05-11, 2013-04-29, 2015-04-23, , Fanglei Sun-Yan Zhao-Huan Sun-Jin Liu, , https://patentimages.storage.googleapis.com/c5/6e/ea/397192a5963237/US20150110082A1.pdf
19.2, WO2013167966A1, Method of handling harq collision and pusch retransmission collision in tdd, Alcatel Lucent, , 2012-05-11, 2013-04-29, 2013-11-14, , Fanglei Sun-Yan Zhao-Huan Sun-Jin Liu, , 
20, CN102017557B, 在sc-fdma系统中对多路信号进行交换处理的方法和装置, 上海贝尔股份有限公司, , 2008-07-18, 2008-07-18, 2013-10-16, 2013-10-16, 刘瑾-尤明礼-朱旭东, , https://patentimages.storage.googleapis.com/13/6c/58/3f4eeff60cf7c9/CN102017557B.pdf
21, CN103037398B, 确定上行链路路损以及提供接收点相关信息的方法和设备, 上海贝尔股份有限公司, , 2011-09-30, 2011-09-30, 2016-03-30, 2016-03-30, 杨育波-朱旭东-刘瑾-尚鹏, , https://patentimages.storage.googleapis.com/a6/08/e7/b5be3f806543ac/CN103037398B.pdf
22, CN101810041B, 用于调度资源的方法、网络单元和用户设备, 上海贝尔股份有限公司, , 2007-08-24, 2007-08-24, 2013-09-11, 2013-09-11, 赵岩-杨涛-刘瑾, , https://patentimages.storage.googleapis.com/a1/9f/85/4e654df4dd9973/CN101810041B.pdf
23, CN104144486B, 上行功率控制方法和设备, 上海贝尔股份有限公司, , 2013-05-10, 2013-05-10, 2017-10-27, 2017-10-27, 刘瑾-刘建国, , https://patentimages.storage.googleapis.com/87/23/2f/c4731ca845e009/CN104144486B.pdf
24, CN102917436B, 在共小区标识的异构网络中进行上行功率控制的方法, 上海贝尔股份有限公司阿尔卡特朗讯, , 2011-08-02, 2011-08-02, 2017-03-15, 2017-03-15, 刘瑾-朱旭东-马修·P·J·贝克-杨育波, , https://patentimages.storage.googleapis.com/ba/01/ce/54f92663ea0e98/CN102917436B.pdf
24.1, EP2740302A4, A method used for uplink power control in a heterogeneous network with a shared cell-id, Alcatel-Lucent SA, , 2011-08-02, 2012-07-23, 2015-05-20, , Jin Liu-Xudong Zhu-Matthew Baker-Yubo Yang, , 
24.2, JP5893138B2, セルｉｄ共有されているヘテロジニアス・ネットワークにおけるアップリンク電力制御に用いられる方法, アルカテル−ルーセント, , 2011-08-02, 2012-07-23, 2016-03-23, 2016-03-23, リウ，ジン-チョウ，シュートン-ベイカー，マシュー-ヤン，ユボ, , 
24.3, US9763198B2, Method used for uplink power control in a heterogeneous network with a shared cell-ID, Alcatel-Lucent SA, , 2011-08-02, 2012-07-23, 2017-09-12, 2017-09-12, Jin Liu-XuDong Zhu-Matthew Baker-Yubo Yang, , https://patentimages.storage.googleapis.com/66/bc/4b/37c428055c72a5/US9763198.pdf
24.4, WO2013017948A3, A method used for uplink power control in a heterogeneous network with a shared cell-id, Alcatel Lucent, , 2011-08-02, 2012-07-23, 2013-04-11, , Jin Liu-Xudong Zhu-Matthew Baker-Yubo Yang, , 
24.5, KR101627944B1, 공유 셀 ｉｄ를 갖는 이종 네트워크에서 업링크 전력 제어에 이용되는 방법, 알까뗄 루슨트, , 2011-08-02, 2012-07-23, 2016-06-07, 2016-06-07, 진 리우-수동 주-매튜 베이커-유보 양, , https://patentimages.storage.googleapis.com/8f/ae/2f/b63ec673893e78/KR101627944B1.pdf
25, CN102740434B, 一种进行上行功率控制的方法和装置, 上海贝尔股份有限公司, , , 2011-04-15, 2016-12-14, 2016-12-14, 朱旭东-杨育波-刘瑾-尚鹏, , https://patentimages.storage.googleapis.com/70/c8/c8/b34fec8f3258ee/CN102740434B.pdf
25.1, EP2698011A4, Method and device for controlling uplink power, Alcatel-Lucent SA, , 2011-04-15, 2012-03-30, 2014-10-22, , Xudong Zhu-Yubo Yang-Jin Liu-Peng Shang, , 
25.2, JP5832630B2, アップリンク電力を制御するための方法およびデバイス, アルカテル−ルーセント, , 2011-04-15, 2012-03-30, 2015-12-16, 2015-12-16, ジュウ，シュイドン-ヤン，ユイボ-リウ，ジン-シャン，ペン, , 
25.3, WO2012140517A1, Method and device for controlling uplink power, Alcatel Lucent, , 2011-04-15, 2012-03-30, 2012-10-18, , Xudong Zhu-Yubo Yang-Jin Liu-Peng Shang, , 
25.4, US20140226578A1, Method and device for controlling uplink power, Alcatel-Lucent SA, , 2011-04-15, 2012-03-30, 2014-08-14, , XuDong Zhu-Yubo Yang-Jin Liu-Peng Shang, , https://patentimages.storage.googleapis.com/07/b6/5f/33f34acca61820/US20140226578A1.pdf
25.5, KR20140002043A, 업링크 전력 제어 방법 및 장치, 알까뗄 루슨트, , 2011-04-15, 2012-03-30, 2014-01-07, , 슈동 주-유보 양-진 리우-펭 상, , https://patentimages.storage.googleapis.com/55/8d/ec/30e9209bbbe52a/KR20140002043A.pdf
26, CN101299627B, 移动终端和发送信息帧的方法, 上海贝尔股份有限公司, , 2007-05-03, 2007-05-03, 2012-12-26, 2012-12-26, 刘瑾-王亮, , https://patentimages.storage.googleapis.com/4f/ee/de/0323f6828cd3ae/CN101299627B.pdf
26.1, WO2008134928A1, Terminal mobile et procédé de transmission de trames, Alcatel Shanghai Bell Co. Ltd.Alcatel Lucent, , 2007-05-03, 2008-04-25, 2008-11-13, , Jin Liu-Liang Wang, , 
27, CN102377532B, 非周期性的信息传输调度的处理方法及设备, 上海贝尔股份有限公司, , 2010-08-16, 2010-08-17, 2014-08-27, 2014-08-27, 刘瑾-朱旭东, , https://patentimages.storage.googleapis.com/c7/6b/6a/326d28e08d6bf9/CN102377532B.pdf
27.1, KR101540922B1, 비주기적인 정보 송신의 스케줄링을 처리하기 위한 방법들 및 장치들, 알까뗄 루슨트, , 2010-08-17, 2011-03-18, 2015-07-31, 2015-07-31, 진 리우-수동 주, , https://patentimages.storage.googleapis.com/22/98/87/5cf052d6ea4288/KR101540922B1.pdf
27.2, JP5709997B2, 非周期的情報転送のスケジューリングを処理する方法および装置, アルカテル−ルーセント, , 2010-08-17, 2011-03-18, 2015-04-30, 2015-04-30, リウ，ジン-チュ，シュトン, , 
27.3, EP2606702B1, Methods and apparatuses for triggering and reporting aperiodic channel state information, Alcatel-Lucent SA, , 2010-08-17, 2011-03-18, 2017-07-12, 2017-07-12, Jin Liu-Xudong Zhu, , https://patentimages.storage.googleapis.com/6a/2c/a2/ef71d2cecc288b/EP2606702B1.pdf
27.4, WO2012023007A1, Methods and apparatuses for processing scheduling of aperiodic information transmission, Alcatel Lucent, , 2010-08-17, 2011-03-18, 2012-02-23, , Jin Liu-Xudong Zhu, , 
27.5, US20130142163A1, Methods and apparatuses for processing scheduling of aperiodic information transmission, Alcatel-Lucent SA, , 2010-08-17, 2011-03-18, 2013-06-06, , Jin Liu-XuDong Zhu, , https://patentimages.storage.googleapis.com/92/dc/b5/3a3464d957a058/US20130142163A1.pdf
28, CN103326763B, 上行链路控制信息的传输方法, 上海贝尔股份有限公司, , 2012-03-19, 2012-03-19, 2016-12-14, 2016-12-14, 刘瑾-朱旭东, , https://patentimages.storage.googleapis.com/82/9e/d8/2408342bd51739/CN103326763B.pdf
28.1, KR20160072260A, 업링크 제어 정보를 전송하기 위한 방법, 알까뗄 루슨트, , 2012-03-19, 2013-03-18, 2016-06-22, , 진 리우-수동 주, , https://patentimages.storage.googleapis.com/dd/11/e7/2512b41888497b/KR20160072260A.pdf
28.2, JP2015511078A, アップリンク制御情報を送信するための方法, アルカテル−ルーセント, , 2012-03-19, 2013-03-18, 2015-04-13, , リウ，ジン-ジュウ，シュドン, , https://patentimages.storage.googleapis.com/47/31/b8/52b39d017eaa74/JP2015511078A.pdf
28.3, EP2829008A1, Method for transmitting uplink control information, Alcatel-Lucent SA, , 2012-03-19, 2013-03-18, 2015-01-28, , Jin Liu-Xudong Zhu, , 
28.4, KR20140138300A, 업링크 제어 정보를 전송하기 위한 방법, 알까뗄 루슨트, , 2012-03-19, 2013-03-18, 2014-12-03, , 진 리우-수동 주, , https://patentimages.storage.googleapis.com/e7/06/e8/8d73a66e98f7c7/KR20140138300A.pdf
28.5, US20150049698A1, Method for transmitting uplink control information, Alcatel-Lucent SA, , 2012-03-19, 2013-03-18, 2015-02-19, , Jin Liu-XuDong Zhu, , https://patentimages.storage.googleapis.com/c9/bf/7f/095ca2cf621d2d/US20150049698A1.pdf
28.6, WO2013140245A1, Method for transmitting uplink control information, Alcatel Lucent, , 2012-03-19, 2013-03-18, 2013-09-26, , Jin Liu-Xudong Zhu, , 
28.7, RU2587163C2, Способ передачи информации управления восходящей линии связи, Алькатель Люсент, , 2012-03-19, 2013-03-18, 2016-06-20, 2016-06-20, Цзинь ЛЮ-Сюйдун ЧЖУ, , 
29, CN103037498B, 用于多点协作传输中定时提前调整的方法和设备, 上海贝尔股份有限公司, , 2011-09-30, 2011-09-30, 2016-06-08, 2016-06-08, 朱旭东-杨涛-刘瑾, , https://patentimages.storage.googleapis.com/0a/8c/6b/3946b2e5613c42/CN103037498B.pdf
29.1, US20140226640A1, Method and apparatus for timing advance adjustment in multi-point cooperation transmission, Alcatel-Lucent SA, , 2011-09-30, 2012-09-21, 2014-08-14, , XuDong Zhu-Tao Yang-Jin Liu, , https://patentimages.storage.googleapis.com/c3/85/2c/7df1e117df2276/US20140226640A1.pdf
29.2, EP2761943A2, Method and apparatus for timing advance adjustment in multi-point cooperation transmission, Alcatel-Lucent SA, , 2011-09-30, 2012-09-21, 2014-08-06, , Xudong Zhu-Tao Yang-Jin Liu, , 
29.3, WO2013046025A3, Method and apparatus for timing advance adjustment in multi-point cooperation transmission, Alcatel Lucent, , 2011-09-30, 2012-09-21, 2013-05-30, , Xudong Zhu-Tao Yang-Jin Liu, , 
30, CN102334318B, 多天线发射机以及用于多天线发射机中的数据发送方法, 上海贝尔股份有限公司, , 2009-04-28, 2009-04-28, 2014-02-12, 2014-02-12, 孟艳-尤明礼-刘瑾, , https://patentimages.storage.googleapis.com/f2/4a/76/05fa30ed936b7d/CN102334318B.pdf
31, CN102469607B, 上行探测参考信号的触发和传输方法及其设备, 上海贝尔股份有限公司, , 2010-11-09, 2010-11-09, 2014-01-22, 2014-01-22, 刘瑾, , https://patentimages.storage.googleapis.com/9f/88/57/fc800a8be5e381/CN102469607B.pdf
31.1, WO2012063131A1, Method and apparatus for triggering and transmitting uplink sounding reference signal, Alcatel Lucent, , 2010-11-09, 2011-10-25, 2012-05-18, , Jin Liu, , 
31.2, EP2638740A4, Method and apparatus for triggering and transmitting uplink sounding reference signal, Alcatel-Lucent SA, , 2010-11-09, 2011-10-25, 2017-07-26, , Jin Liu, , 
31.3, US9107209B2, Method and apparatus for triggering and transmitting uplink sounding reference signal, Alcatel-Lucent SA, , 2010-11-09, 2011-10-25, 2015-08-11, 2015-08-11, Jin Liu, , https://patentimages.storage.googleapis.com/72/9e/a2/f81587f7e9e25a/US9107209.pdf
31.4, KR101481983B1, 업링크 사운딩 기준 신호를 트리거하고 송신하기 위한 방법 및 장치, 알까뗄 루슨트, , 2010-11-09, 2011-10-25, 2015-01-14, 2015-01-14, 진 리우, , https://patentimages.storage.googleapis.com/06/ae/32/4b782e7569cefa/KR101481983B1.pdf
31.5, JP5755335B2, アップリンク・サウンディング・リファレンス信号をトリガし送信する方法および装置, アルカテル−ルーセント, , 2010-11-09, 2011-10-25, 2015-07-29, 2015-07-29, リウ，ジン, , 
32, CN103326767B, 上行链路控制信息的反馈方法, 上海贝尔股份有限公司, , 2012-03-20, 2012-03-20, 2017-03-22, 2017-03-22, 刘瑾-朱旭东-孙芳蕾, , https://patentimages.storage.googleapis.com/3a/4f/cd/76fb28acaac157/CN103326767B.pdf
32.1, US9467266B2, Method for feeding back uplink control information, Alcatel-Lucent SA, , 2012-03-20, 2013-03-18, 2016-10-11, 2016-10-11, Jin Liu-XuDong Zhu-Fanglei Sun, , https://patentimages.storage.googleapis.com/7d/28/50/2a21e5e7c448c1/US9467266.pdf
32.2, RU2606403C2, Способ передачи по обратной связи управляющей информации восходящей линии связи, Алькатель Люсент, , 2012-03-20, 2013-03-18, 2017-01-10, 2017-01-10, Цзинь ЛЮ-Сюйдун ЧЖУ-Фанлэй СУНЬ, , 
32.3, WO2013140246A1, Method for feeding back uplink control information, Alcatel Lucent, , 2012-03-20, 2013-03-18, 2013-09-26, , Jin Liu-Xudong Zhu-Fanglei Sun, , 
32.4, KR20170000396A, 업링크 제어 정보를 피드백하기 위한 방법, 알까뗄 루슨트, , 2012-03-20, 2013-03-18, 2017-01-02, , 진 리우-수동 주-팡글레이 순, , https://patentimages.storage.googleapis.com/c7/c4/a5/fdf68fe2894c8f/KR20170000396A.pdf
32.5, JP2015516727A, アップリンク制御情報をフィードバックするための方法, アルカテル−ルーセント, , 2012-03-20, 2013-03-18, 2015-06-11, , リウ，ジン-シュ，スドン-スン，ファンレイ, , https://patentimages.storage.googleapis.com/d8/85/d4/706d99d0e38264/JP2015516727A.pdf
32.6, KR20140136995A, 업링크 제어 정보를 피드백하기 위한 방법, 알까뗄 루슨트, , 2012-03-20, 2013-03-18, 2014-12-01, , 진 리우-수동 주-팡글레이 순, , https://patentimages.storage.googleapis.com/05/50/a4/bd35d0a45ca80d/KR20140136995A.pdf
32.7, EP2829009A1, Method for feeding back uplink control information, Alcatel-Lucent SA, , 2012-03-20, 2013-03-18, 2015-01-28, , Jin Liu-Xudong Zhu-Fanglei Sun, , 
33, CN103037490B, 上行链路控制信道功率控制的方法和相应装置, 上海贝尔股份有限公司, , 2011-09-30, 2011-09-30, 2016-06-08, 2016-06-08, 刘瑾-朱旭东-杨育波-尚鹏, , https://patentimages.storage.googleapis.com/3c/51/78/f3cab013ad9793/CN103037490B.pdf
33.1, WO2013046026A1, Method and corresponding apparatus for uplink control channel power control, Alcatel Lucent, , 2011-09-30, 2012-09-21, 2013-04-04, , Jin Liu-Xudong Zhu-Yubo Yang-Peng Shang, , 
33.2, EP2761942A1, Method and corresponding apparatus for uplink control channel power control, Alcatel-Lucent SA, , 2011-09-30, 2012-09-21, 2014-08-06, , Jin Liu-Xudong Zhu-Yubo Yang-Peng Shang, , 
33.3, US20140286274A1, Method and corresponding apparatus for uplink control channel power control, Alcatel-Lucent SA, , 2011-09-30, 2012-09-21, 2014-09-25, , Jin Liu-XuDong Zhu-Yubo Yang-Peng Shang, , https://patentimages.storage.googleapis.com/46/2d/91/98cfde7ea15fae/US20140286274A1.pdf
34, CN102771170B, 多天线系统中的多码字通信方法, 上海贝尔股份有限公司, , 2010-05-03, 2010-05-03, 2015-06-03, 2015-06-03, 刘瑾-赵生捷-尤明礼-张晓博-杨林, , https://patentimages.storage.googleapis.com/2d/f3/52/ef53d0c3466fc8/CN102771170B.pdf
35, CN103037515B, 在CoMP通信系统中基于簇标识确定正交资源的方法, 上海贝尔股份有限公司, , 2011-09-30, 2011-09-30, 2016-01-27, 2016-01-27, 朱旭东-刘瑾-杨育波, , https://patentimages.storage.googleapis.com/9e/c7/87/0a142fbb0f9725/CN103037515B.pdf
35.1, JP5848455B2, ＣｏＭＰ通信システムにおいて仮想セルＩＤに基づいて直交リソースを決定する方法, アルカテル−ルーセント, , 2011-09-30, 2012-09-21, 2016-01-27, 2016-01-27, ジュウ，シュドン-リウ，ジン-ヤン，ユボ, , 
35.2, RU2584238C2, Способ определения ортогонального ресурса на основе виртуального id соты в системе связи сомр, Алькатель Люсент, , 2011-09-30, 2012-09-21, 2016-05-20, 2016-05-20, Сюйдун ЧЖУ-Цзинь ЛЮ-Юбо ЯН, , 
35.3, EP2761906A1, Method of determining orthogonal resource based on virtual cell id in comp communication system, Alcatel-Lucent SA, , 2011-09-30, 2012-09-21, 2014-08-06, , Xudong Zhu-Jin Liu-Yubo Yang, , 
35.4, WO2013046024A1, Method of determining orthogonal resource based on virtual cell id in comp communication system, Alcatel Lucent, , 2011-09-30, 2012-09-21, 2013-04-04, , Xudong Zhu-Jin Liu-Yubo Yang, , 
35.5, US20140370889A1, Method of determining orthogonal resource based on virtual cell id in comp communication system, Alcatel-Lucent SA, , 2011-09-30, 2012-09-21, 2014-12-18, , XuDong Zhu-Jin Liu-Yubo Yang, , https://patentimages.storage.googleapis.com/a4/91/bf/1a2a67ada6a30a/US20140370889A1.pdf
35.6, KR101586967B1, ＣｏＭＰ 통신 시스템에서 가상 셀 ＩＤ에 기초하여 직교 리소스를 결정하는 방법, 알까뗄 루슨트, , 2011-09-30, 2012-09-21, 2016-01-19, 2016-01-19, 수동 주-진 리우-유보 양, , https://patentimages.storage.googleapis.com/53/98/e9/545c37c1d3448b/KR101586967B1.pdf
36, CN102771151B, 复用上行控制信息和数据的方法和设备, 上海贝尔股份有限公司, , 2010-05-05, 2010-05-05, 2015-03-25, 2015-03-25, 刘瑾-张晓博-尤明礼, , https://patentimages.storage.googleapis.com/f3/af/2a/f37d291e0d07b9/CN102771151B.pdf
37, CN103580824B, 载波汇聚网络中的用户设备里进行自动重传反馈的方法, 上海贝尔股份有限公司, , 2012-08-03, 2012-08-03, 2016-12-21, 2016-12-21, 孙芳蕾-刘瑾, , https://patentimages.storage.googleapis.com/59/82/58/4c6db12e5d184e/CN103580824B.pdf
37.1, US9479295B2, Method of implementing automatically retransmission feedback in a UE in a carrier aggregation network, Alcatel-Lucent SA, , 2012-08-03, 2013-07-15, 2016-10-25, 2016-10-25, Fanglei Sun-Jin Liu, , https://patentimages.storage.googleapis.com/7c/9a/cf/a4e82b6ababc05/US9479295.pdf
37.2, EP2880800A2, Method of implementing automatically retransmission feedback in a ue in a carrier aggregation network, Alcatel-Lucent SA, , 2012-08-03, 2013-07-15, 2015-06-10, , Fanglei Sun-Jin Liu, , 
37.3, WO2014020436A3, Method of implementing automatically retransmission feedback in a ue in a carrier aggregation network, Alcatel Lucent, , 2012-08-03, 2013-07-15, 2014-03-27, , Fanglei Sun-Jin Liu, , 
38, CN101796879B, 用于调度资源的方法、网络单元和用户设备, 上海贝尔股份有限公司, , 2007-08-24, 2007-08-24, 2012-07-11, 2012-07-11, 刘瑾-杨涛-赵岩, , https://patentimages.storage.googleapis.com/35/a6/c1/7caa89b8d62106/CN101796879B.pdf
39, CN102106162B, 用于上行链路的低复杂度多基站mimo方法和设备, 上海贝尔股份有限公司, , 2008-06-23, 2008-06-23, 2013-06-05, 2013-06-05, 尤明礼-朱旭东-刘瑾, , https://patentimages.storage.googleapis.com/69/ee/2c/bee724ef43b022/CN102106162B.pdf
40, CN101772032B, 多小区协作方法及系统, 上海贝尔股份有限公司, , 2008-12-31, 2008-12-31, 2012-07-25, 2012-07-25, 刘瑾-吴绍权, , https://patentimages.storage.googleapis.com/f8/d3/b6/5da13da2f3c3c1/CN101772032B.pdf
41, CN102958144B, 功率控制的方法和相应装置, 上海贝尔股份有限公司, , 2011-08-16, 2011-08-16, 2016-08-10, 2016-08-10, 刘瑾-杨育波-朱旭东, , https://patentimages.storage.googleapis.com/38/a8/f5/13281383462d65/CN102958144B.pdf
41.1, US20140213316A1, Method and corresponding apparatus for power control, Alcatel-Lucent SA, , 2011-08-16, 2012-08-14, 2014-07-31, , Jin Liu-Yubo Yang-XuDong Zhu, , https://patentimages.storage.googleapis.com/2f/bf/75/cd4a0141a7bbc9/US20140213316A1.pdf
41.2, WO2013024352A3, Method and corresponding apparatus for power control, Alcatel Lucent, , 2011-08-16, 2012-08-14, 2013-05-02, , Jin Liu-Yubo Yang-Xudong Zhu, , 
41.3, EP2745579A2, Method and corresponding apparatus for power control, Alcatel-Lucent SA, , 2011-08-16, 2012-08-14, 2014-06-25, , Jin Liu-Yubo Yang-Xudong Zhu, , 
41.4, KR20140054249A, 전력 제어 방법 및 대응 장치, 알까뗄 루슨트, , 2011-08-16, 2012-08-14, 2014-05-08, , 진 리우-유보 양-수동 주, , https://patentimages.storage.googleapis.com/ad/2f/86/5be994d39a2d4f/KR20140054249A.pdf
42, WO2011085542A1, 用于降低控制信令开销的方法和设备, 上海贝尔股份有限公司阿尔卡特朗讯, , 2010-01-12, 2010-01-12, 2011-07-21, , 刘瑾-朱旭东-尤明礼-孙芳蕾, , 
42.1, KR20120115368A, 제어 시그널링 오버헤드를 감소시키기 위한 방법 및 디바이스, 알까뗄 루슨트, , 2010-01-12, 2010-01-12, 2012-10-17, , 진 리우-팡레이 순-밍리 유-수동 주, , https://patentimages.storage.googleapis.com/3c/5a/ae/919f05b6006710/KR20120115368A.pdf
42.2, EP2525616A1, Method and device for reducing control signaling overhead, Alcatel-Lucent SA, , 2010-01-12, 2010-01-12, 2012-11-21, , Jin Liu-Xudong Zhu-Mingli You-Fanglei Sun, , https://patentimages.storage.googleapis.com/47/f1/22/bffe59b5b16cea/EP2525616A1.pdf
42.3, JP2013517649A, 制御シグナリングのオーバヘッドを低減するための方法および装置, アルカテル−ルーセント, , 2010-01-12, 2010-01-12, 2013-05-16, , リュウ，ジン-ジュウ，シュドン-ユウ，ミンリ-サン，ファンレイ, , https://patentimages.storage.googleapis.com/f2/73/db/2b7985800d5f06/JP2013517649A.pdf
42.4, US20120300724A1, Method and apparatus for reducing the overhead of control signaling, Alcatel Lucent, , 2010-01-12, 2010-01-12, 2012-11-29, , Jin Liu-XuDong Zhu-Mingli You-Fanglei Sun, , https://patentimages.storage.googleapis.com/3b/25/d9/4d2cb6a87fdafa/US20120300724A1.pdf
42.5, CN102612850A, 用于降低控制信令开销的方法和设备, 上海贝尔股份有限公司, , 2010-01-12, 2010-01-12, 2012-07-25, , 刘瑾-朱旭东-尤明礼-孙芳蕾, , https://patentimages.storage.googleapis.com/21/61/1b/add3793e277133/CN102612850A.pdf
43, CN104080180A, 缩减的dmrs配置以及自适应选择dmrs配置的方法和装置, 上海贝尔股份有限公司, , 2013-03-29, 2013-03-29, 2014-10-01, , 杨育波-朱旭东-刘瑾-张晴川, , https://patentimages.storage.googleapis.com/92/4d/6e/a7e48e26d283cd/CN104080180A.pdf
43.1, EP2979412A2, Reduced dmrs configuration and method and apparatus for adaptively selecting dmrs configuration, Alcatel-Lucent SA, , 2013-03-29, 2014-03-18, 2016-02-03, , Yubo Yang-Xudong Zhu-Jin Liu-Qingchuan ZHANG, , 
43.2, WO2014155198A3, Reduced dmrs configuration and method and apparatus for adaptively selecting dmrs configuration, Alcatel Lucent, , 2013-03-29, 2014-03-18, 2014-12-04, , Yubo Yang-Xudong Zhu-Jin Liu-Qingchuan ZHANG, , 
43.3, US20160057753A1, Reduced dmrs configuration and method and apparatus for adaptively selecting dmrs configuration, Alcatel-Lucent SA, , 2013-03-29, 2014-03-18, 2016-02-25, , Yubo Yang-XuDong Zhu-Jin Liu-Qingchuan Zhang, , https://patentimages.storage.googleapis.com/53/f3/09/17e34e9675a9ea/US20160057753A1.pdf
43.4, JP2016521033A, 縮小されたｄｍｒｓ構成、ならびにｄｍｒｓ構成を適応的に選択するための方法および装置, アルカテル−ルーセント, , 2013-03-29, 2014-03-18, 2016-07-14, , ヤン，ユボ-チュー，シュドン-リウ，ジン-チャン，チンチュアン, , https://patentimages.storage.googleapis.com/92/1a/db/904a51f0ea2854/JP2016521033A.pdf
44, CN104427604A, 一种用于分配上行功率的方法和设备, 上海贝尔股份有限公司阿尔卡特朗讯, , 2013-08-28, 2013-08-28, 2015-03-18, , 刘瑾-刘建国-郑方政, , https://patentimages.storage.googleapis.com/66/36/52/80f7fca31943c1/CN104427604A.pdf
44.1, WO2015028884A3, Method and apparatus for assigning uplink power, Alcatel Lucent, , 2013-08-28, 2014-08-14, 2015-09-24, , Jin Liu-Jianguo Liu-Fang-Chen Cheng, , 
45, CN105657834A, 一种用于配置上行子帧和下行子帧的方法, 上海贝尔股份有限公司, , 2014-11-13, 2014-11-13, 2016-06-08, , 刘瑾-孙芳蕾-孙欢, , https://patentimages.storage.googleapis.com/e1/82/c8/59ffaf7d63eaae/CN105657834A.pdf
46, WO2014179978A1, 控制用户设备的设备至设备链路的发射功率的方法, 上海贝尔股份有限公司, , 2013-05-10, 2013-05-10, 2014-11-13, , 仲崇显-杨涛-刘瑾, , 
46.1, CN105191430A, 控制用户设备的设备至设备链路的发射功率的方法, 上海贝尔股份有限公司, , 2013-05-10, 2013-05-10, 2015-12-23, , 仲崇显-杨涛-刘瑾, , https://patentimages.storage.googleapis.com/15/b0/92/6cc3078421bb5a/CN105191430A.pdf
47, WO2014172897A1, 基于干扰的上行链路分数功率控制的方法和装置, 上海贝尔股份有限公司阿尔卡特朗讯, , 2013-04-26, 2013-04-26, 2014-10-30, , 刘建国-刘瑾-王栋耀, , 
47.1, CN105103630A, 基于干扰的上行链路分数功率控制的方法和装置, 上海贝尔股份有限公司, , 2013-04-26, 2013-04-26, 2015-11-25, , 刘建国-刘瑾-王栋耀, , https://patentimages.storage.googleapis.com/fe/ae/0a/f600251c6cd48f/CN105103630A.pdf
47.2, EP2991413A4, Method and apparatus for uplink fractional power control based on interference, Alcatel-Lucent SA, , 2013-04-26, 2013-04-26, 2016-11-30, , Jianguo Liu-Jin Liu-Dongyao Wang, , 
47.3, JP6110016B2, 干渉ベースのアップリンク・フラクショナル電力制御のための方法および装置, アルカテル−ルーセント, , 2013-04-26, 2013-04-26, 2017-04-05, 2017-04-05, リウ，ジャングオ-リウ，ジン-ワン，ドンヤオ, , 
48, WO2011097828A1, 层移位方法和设备, 上海贝尔股份有限公司阿尔卡特朗讯, , 2010-02-12, 2010-02-12, 2011-08-18, , 刘瑾-朱旭东-尤明礼, , 
48.1, CN102687447A, 层移位方法和设备, 上海贝尔股份有限公司, , 2010-02-12, 2010-02-12, 2012-09-19, , 刘瑾-朱旭东-尤明礼, , https://patentimages.storage.googleapis.com/e3/a1/c0/837be3c09fea18/CN102687447A.pdf
49, CN104349438A, 确定上行传输功率的方法, 上海贝尔股份有限公司阿尔卡特朗讯, , 2013-07-24, 2013-07-24, 2015-02-11, , 刘瑾-刘建国-郑方政, , https://patentimages.storage.googleapis.com/ab/03/8a/d4ebe266df2363/CN104349438A.pdf
49.1, WO2015011557A1, Method for determining uplink transmission power, Alcatel Lucent, , 2013-07-24, 2014-07-15, 2015-01-29, , Jin Liu-Jianguo Liu-Fang-Chen Cheng, , 
50, CN105493593A, 向用户设备通知服务小区的tdd重配置的演进型基站, 上海贝尔股份有限公司阿尔卡特朗讯, , 2013-08-09, 2013-08-09, 2016-04-13, , 孙芳蕾-杨涛-赵岩-刘瑾-郑方政, , https://patentimages.storage.googleapis.com/90/70/94/603148a98f589f/CN105493593A.pdf
51, CN104811286A, 用于上行控制信道的资源分配的方法和设备, 上海贝尔股份有限公司, , 2014-01-27, 2014-01-27, 2015-07-29, , 孙芳蕾-刘瑾-杨涛, , https://patentimages.storage.googleapis.com/64/b6/c8/b2f37cd391dbee/CN104811286A.pdf
52, CN104955110A, 用于在支持双连接的无线网络中使用的方法和设备, 上海贝尔股份有限公司阿尔卡特朗讯, , 2014-03-28, 2014-03-28, 2015-09-30, , 刘瑾-叶思根, , https://patentimages.storage.googleapis.com/2a/4b/43/b1734244bc75e4/CN104955110A.pdf
53, CN102594518A, 触发和报告非周期性信道状态信息的方法和设备, 上海贝尔股份有限公司, , 2011-01-10, 2011-01-10, 2012-07-18, , 刘瑾-朱旭东, , https://patentimages.storage.googleapis.com/55/72/08/a1b63c57221a64/CN102594518A.pdf
54, CN104348585A, 一种用于传输上行控制信息的方法和设备, 上海贝尔股份有限公司, , 2013-08-09, 2013-08-09, 2015-02-11, , 刘瑾-杨涛-孙芳蕾-刘建国, , https://patentimages.storage.googleapis.com/5b/ea/48/5e3b3a18cb6b33/CN104348585A.pdf
54.1, WO2015019181A3, Method and apparatus for transmitting uplink control information, Alcatel Lucent, , 2013-08-09, 2014-08-08, 2015-07-16, , Jin Liu-Tao Yang-Fanglei Sun-Jianguo Liu, , 
55, CN104936276A, 为双连接中同时传输的消息3和普通ul信息分配功率, 上海贝尔股份有限公司, , 2014-03-21, 2014-03-21, 2015-09-23, , 刘瑾-孙芳蕾, , https://patentimages.storage.googleapis.com/23/ea/5e/e3401669873c8e/CN104936276A.pdf
56, CN104812040A, 一种物理上行控制信道的闭环功率控制方法与设备, 上海贝尔股份有限公司, , 2014-01-27, 2014-01-27, 2015-07-29, , 孙芳蕾-刘瑾-杨涛, , https://patentimages.storage.googleapis.com/21/60/47/92c006158c76c1/CN104812040A.pdf
57, CN104144483A, 用于控制用户终端上行传输功率的方法和设备, 上海贝尔股份有限公司, , 2013-05-10, 2013-05-10, 2014-11-12, , 刘建国-刘瑾, , https://patentimages.storage.googleapis.com/9d/e8/c4/c9801133c9d578/CN104144483A.pdf
58, CN104065446A, 用于信令发送和接收mcs的方法, 上海贝尔股份有限公司阿尔卡特朗讯, , 2013-03-21, 2013-03-21, 2014-09-24, , 刘瑾-杨育波-郑方政-赵昆-朱旭东, , https://patentimages.storage.googleapis.com/5d/fa/72/145212fe2d4fff/CN104065446A.pdf
58.1, JP2016512937A, Ｍｃｓシグナリングの方法, アルカテル−ルーセント, , 2013-03-21, 2014-03-04, 2016-05-09, , リウ，ジン-ヤン，ユボ-チェン，ファン−チェン-ザオ，クン-チュー，シュドン, , https://patentimages.storage.googleapis.com/82/e0/b4/2c00a6f92c5203/JP2016512937A.pdf
58.2, US20160057735A1, Methods of signaling mcs, Alcatel-Lucent SA, , 2013-03-21, 2014-03-04, 2016-02-25, , Jin Liu-Yubo Yang-Fang-Chen Cheng-Kun Zhao-XuDong Zhu, , https://patentimages.storage.googleapis.com/fb/48/56/5ad04a508e145a/US20160057735A1.pdf
58.3, EP2976850A2, Methods of signaling mcs, Alcatel-Lucent SA, , 2013-03-21, 2014-03-04, 2016-01-27, , Jin Liu-Yubo Yang-Fang-Chen Cheng-Kun Zhao-Xudong Zhu, , 
58.4, WO2014147479A3, Methods of signaling mcs, Alcatel Lucent, , 2013-03-21, 2014-03-04, 2015-03-12, , Jin Liu-Yubo Yang-Fang-Chen Cheng-Kun Zhao-Xudong Zhu, , 
S/N, ApplicationNumber, Title, AssigneeOriginal, Language, PriorityDate, FilingDate, PublicationDate, GrantDate, Inventor, Assignee, Pdf
59, WO2009026739A1, Method for scheduling resource  network element and user equipment, Alcatel Shanghai Bell Co. Ltd.Alcatel Lucent, , 2007-08-24, 2007-08-24, 2009-03-05, , Yan Zhao-Tao Yang-Jin Liu, , 
59.1, CN101796879B, 用于调度资源的方法、网络单元和用户设备, 上海贝尔股份有限公司, , 2007-08-24, 2007-08-24, 2012-07-11, 2012-07-11, 刘瑾-杨涛-赵岩, , https://patentimages.storage.googleapis.com/35/a6/c1/7caa89b8d62106/CN101796879B.pdf
59.2, EP2191664A4, Method for scheduling resource  network element and user equipment, Alcatel-Lucent SA, , 2007-08-24, 2007-08-24, 2012-10-24, , Yan Zhao-Tao Yang-Jin Liu, , 
59.3, KR101340302B1, 리소스  네트워크 요소 및 사용자 장비를 스케줄링하기 위한 방법, 알까뗄 루슨트, , 2007-08-24, 2007-08-24, 2013-12-11, 2013-12-11, 얀 자오-타오 양-진 리우, , https://patentimages.storage.googleapis.com/28/74/4b/811f369d9f2763/KR101340302B1.pdf
59.4, US20110110312A1, Method for scheduling resource  network element and user equipment, Alcatel Lucent, , 2007-08-24, 2007-08-24, 2011-05-12, , Yan Zhao-Tao Yang-Jin Liu, , https://patentimages.storage.googleapis.com/77/0f/40/28f5d4d03b3e08/US20110110312A1.pdf
59.5, JP5314022B2, リソース、ネットワーク・エレメントおよびユーザ機器をスケジューリングする方法, アルカテル−ルーセント, , 2007-08-24, 2007-08-24, 2013-10-16, 2013-10-16, ジャオ，ヤン-ヤン，タオ-リュウ，ジン, , 
60, US20140171143A1, Method used for uplink power control in a heterogeneous network with a shared cell-id, Alcatel-Lucent SA, , 2011-08-02, 2012-07-23, 2014-06-19, , Jin Liu-XuDong Zhu-Matthew Baker-Yubo Yang, , https://patentimages.storage.googleapis.com/86/f3/93/c2da8ef5b4b98f/US20140171143A1.pdf
61, US20150071202A1, Method for feeding back uplink control information, Alcatel-Lucent SA, , 2012-03-20, 2013-03-18, 2015-03-12, , Jin Liu-XuDong Zhu-Fanglei Sun, , https://patentimages.storage.googleapis.com/d0/d9/41/d3544116020355/US20150071202A1.pdf
62, US20130089078A1, Method for controlling uplink transmission in a management device of lte-a network and the device thereof, Alcatel-Lucent SA, , 2010-06-20, 2011-03-25, 2013-04-11, , Jin Liu-Mingli You-Zhihua Hou, , https://patentimages.storage.googleapis.com/82/7a/8a/c9c606016dc92d/US20130089078A1.pdf
63, US20150049698A1, Method for transmitting uplink control information, Alcatel-Lucent SA, , 2012-03-19, 2013-03-18, 2015-02-19, , Jin Liu-XuDong Zhu, , https://patentimages.storage.googleapis.com/c9/bf/7f/095ca2cf621d2d/US20150049698A1.pdf
64, US8121083B2, Method and device for reporting request for uplink scheduling or emergency in wireless network, Alcatel-Lucent SA, , 2006-08-22, 2007-08-21, 2012-02-21, 2012-02-21, Pingping Wen-Mingli You-Tao Yang-Jin Liu, , https://patentimages.storage.googleapis.com/e7/ef/21/3b56b08abfc4ae/US8121083.pdf
65, US20130142163A1, Methods and apparatuses for processing scheduling of aperiodic information transmission, Alcatel-Lucent SA, , 2010-08-17, 2011-03-18, 2013-06-06, , Jin Liu-XuDong Zhu, , https://patentimages.storage.googleapis.com/92/dc/b5/3a3464d957a058/US20130142163A1.pdf
66, US20110107174A1, Method and apparatus for interchanging multipath signals in a sc-fdma system, Alcatel-Lucent SA, , 2008-07-18, 2008-07-18, 2011-05-05, , Jin Liu-Mingli You-XuDong Zhu, , https://patentimages.storage.googleapis.com/3a/f8/9d/4c052333a2ac5c/US20110107174A1.pdf
67, US20130294400A1, Method and apparatus for triggering and transmitting uplink sounding reference signal, Alcatel-Lucent SA, , 2010-11-09, 2011-10-25, 2013-11-07, , Jin Liu, , https://patentimages.storage.googleapis.com/43/71/2e/c18a0c93b8ea8b/US20130294400A1.pdf
68, US20100008350A1, Method and device of transmitting and parsing data in wireless communication network, Alcatel-Lucent SA, , 2006-08-23, 2007-08-22, 2010-01-14, , Tao Yang-Mingli You-Jin Liu-Pingping Wen, , https://patentimages.storage.googleapis.com/af/ec/74/60737913e8c588/US20100008350A1.pdf
69, US20150110082A1, Method of handling harq collision and pusch retransmission collision in tdd, Alcatel-Lucent SA, , 2012-05-11, 2013-04-29, 2015-04-23, , Fanglei Sun-Yan Zhao-Huan Sun-Jin Liu, , https://patentimages.storage.googleapis.com/c5/6e/ea/397192a5963237/US20150110082A1.pdf
70, US20140226640A1, Method and apparatus for timing advance adjustment in multi-point cooperation transmission, Alcatel-Lucent SA, , 2011-09-30, 2012-09-21, 2014-08-14, , XuDong Zhu-Tao Yang-Jin Liu, , https://patentimages.storage.googleapis.com/c3/85/2c/7df1e117df2276/US20140226640A1.pdf
71, US20160057735A1, Methods of signaling mcs, Alcatel-Lucent SA, , 2013-03-21, 2014-03-04, 2016-02-25, , Jin Liu-Yubo Yang-Fang-Chen Cheng-Kun Zhao-XuDong Zhu, , https://patentimages.storage.googleapis.com/fb/48/56/5ad04a508e145a/US20160057735A1.pdf
72, US20110096733A1, Method for scheduling resource  network element and user equipment, Alcatel Lucent, , 2007-08-24, 2007-08-24, 2011-04-28, , Yan Zhao-Tao Yang-Jin Liu, , 
73, US20140213316A1, Method and corresponding apparatus for power control, Alcatel-Lucent SA, , 2011-08-16, 2012-08-14, 2014-07-31, , Jin Liu-Yubo Yang-XuDong Zhu, , https://patentimages.storage.googleapis.com/2f/bf/75/cd4a0141a7bbc9/US20140213316A1.pdf
74, US20120069807A1, Transmitter with multiple antennas and data transmission method in the transmitter with multiple antennas, Alcatel Lucent, , 2009-04-28, 2009-04-28, 2012-03-22, , Yan Meng-Mingli You-Jin Liu, , https://patentimages.storage.googleapis.com/0c/46/bb/dbd81e5955e951/US20120069807A1.pdf
75, WO2014020436A2, Method of implementing automatically retransmission feedback in a ue in a carrier aggregation network, Alcatel Lucent, , 2012-08-03, 2013-07-15, 2014-02-06, , Fanglei Sun-Jin Liu, , 
75.1, US9479295B2, Method of implementing automatically retransmission feedback in a UE in a carrier aggregation network, Alcatel-Lucent SA, , 2012-08-03, 2013-07-15, 2016-10-25, 2016-10-25, Fanglei Sun-Jin Liu, , https://patentimages.storage.googleapis.com/7c/9a/cf/a4e82b6ababc05/US9479295.pdf
75.2, EP2880800A2, Method of implementing automatically retransmission feedback in a ue in a carrier aggregation network, Alcatel-Lucent SA, , 2012-08-03, 2013-07-15, 2015-06-10, , Fanglei Sun-Jin Liu, , 
76, US20120300724A1, Method and apparatus for reducing the overhead of control signaling, Alcatel Lucent, , 2010-01-12, 2010-01-12, 2012-11-29, , Jin Liu-XuDong Zhu-Mingli You-Fanglei Sun, , https://patentimages.storage.googleapis.com/3b/25/d9/4d2cb6a87fdafa/US20120300724A1.pdf
77, US20120008565A1, Methods and apparatuses for multi-cell collaborative communication in a multiple input multiple output system, Alcatel Lucent, , 2009-03-17, 2010-03-16, 2012-01-12, , Fanglei Sun-Mingli You-Jin Liu-Yan Zhao, , https://patentimages.storage.googleapis.com/b0/c5/b1/54ab29a9cb8a84/US20120008565A1.pdf
78, US20160057753A1, Reduced dmrs configuration and method and apparatus for adaptively selecting dmrs configuration, Alcatel-Lucent SA, , 2013-03-29, 2014-03-18, 2016-02-25, , Yubo Yang-XuDong Zhu-Jin Liu-Qingchuan Zhang, , https://patentimages.storage.googleapis.com/53/f3/09/17e34e9675a9ea/US20160057753A1.pdf
79, US20140286274A1, Method and corresponding apparatus for uplink control channel power control, Alcatel-Lucent SA, , 2011-09-30, 2012-09-21, 2014-09-25, , Jin Liu-XuDong Zhu-Yubo Yang-Peng Shang, , https://patentimages.storage.googleapis.com/46/2d/91/98cfde7ea15fae/US20140286274A1.pdf
80, US20120093088A1, Method and device for processing component carriers to be aggregated for transmission, Alcatel-Lucent Shanghai Bell Co Ltd, , 2009-06-22, 2009-06-22, 2012-04-19, , Lin Yang-Jin Liu-Xiabo Zhang, , https://patentimages.storage.googleapis.com/08/f0/39/45ef6017756085/US20120093088A1.pdf
81, US20130148584A1, Method and apparatus for non-adaptive retransmission, Alcatel-Lucent SA, , 2010-08-17, 2011-07-29, 2013-06-13, , XuDong Zhu-Jin Liu, , https://patentimages.storage.googleapis.com/de/7d/c9/ab52b990db7220/US20130148584A1.pdf
82, US9369250B2, Method of configuring an aperiodic sounding reference signal, Alcatel-Lucent SA, , 2011-01-12, 2011-11-08, 2016-06-14, 2016-06-14, Jin Liu, , https://patentimages.storage.googleapis.com/ae/7b/d3/7e54db3ef87779/US9369250.pdf
83, EP2991413A1, Method and apparatus for uplink fractional power control based on interference, Alcatel-Lucent SA, , 2013-04-26, 2013-04-26, 2016-03-02, , Jianguo Liu-Jin Liu-Dongyao Wang, , https://patentimages.storage.googleapis.com/66/ec/4a/847207e3590114/EP2991413A1.pdf
84, US20140226578A1, Method and device for controlling uplink power, Alcatel-Lucent SA, , 2011-04-15, 2012-03-30, 2014-08-14, , XuDong Zhu-Yubo Yang-Jin Liu-Peng Shang, , https://patentimages.storage.googleapis.com/07/b6/5f/33f34acca61820/US20140226578A1.pdf
85, US20140370889A1, Method of determining orthogonal resource based on virtual cell id in comp communication system, Alcatel-Lucent SA, , 2011-09-30, 2012-09-21, 2014-12-18, , XuDong Zhu-Jin Liu-Yubo Yang, , https://patentimages.storage.googleapis.com/a4/91/bf/1a2a67ada6a30a/US20140370889A1.pdf
86, WO2015011557A1, Method for determining uplink transmission power, Alcatel Lucent, , 2013-07-24, 2014-07-15, 2015-01-29, , Jin Liu-Jianguo Liu-Fang-Chen Cheng, , 
87, WO2015018082A1, An eNB for notifying UE the TDD reconfiguration of the serving cell, Alcatel-Lucent Shanghai Bell Co. LtdAlcatel Lucent, , 2013-08-09, 2013-08-09, 2015-02-12, , Fanglei Sun-Tao Yang-Yan Zhao-Jin Liu-Fangchen Cheng, , 
87.1, CN105493593A, 向用户设备通知服务小区的tdd重配置的演进型基站, 上海贝尔股份有限公司阿尔卡特朗讯, , 2013-08-09, 2013-08-09, 2016-04-13, , 孙芳蕾-杨涛-赵岩-刘瑾-郑方政, , https://patentimages.storage.googleapis.com/90/70/94/603148a98f589f/CN105493593A.pdf
88, WO2015019181A2, Method and apparatus for transmitting uplink control information, Alcatel Lucent, , 2013-08-09, 2014-08-08, 2015-02-12, , Jin Liu-Tao Yang-Fanglei Sun-Jianguo Liu, , 
89, WO2015028884A2, Method and apparatus for assigning uplink power, Alcatel Lucent, , 2013-08-28, 2014-08-14, 2015-03-05, , Jin Liu-Jianguo Liu-Fang-Chen Cheng, , 
90, WO2008134928A1, Terminal mobile et procédé de transmission de trames, Alcatel Shanghai Bell Co. Ltd.Alcatel Lucent, , 2007-05-03, 2008-04-25, 2008-11-13, , Jin Liu-Liang Wang, , 
S/N, ApplicationNumber, Title, AssigneeOriginal, Language, PriorityDate, FilingDate, PublicationDate, GrantDate, Inventor, Assignee, Pdf
91, WO2017124827A1, 多天线数据传输的方法、网络设备、终端设备及系统, 华为技术有限公司, , 2016-01-20, 2016-11-22, 2017-07-27, , 吴晔-刘瑾-毕晓艳, , 
92, WO2017121092A1, 一种信道估计方法及装置, 华为技术有限公司, , 2016-01-11, 2016-07-27, 2017-07-20, , 吴晔-刘瑾-毕晓艳, , 
93, WO2017107716A1, 一种数据帧实现方法和装置, 华为技术有限公司, , 2015-12-22, 2016-11-18, 2017-06-29, , 刘瑾-陈大庚-毕晓艳-陈雁, , 
94, WO2017054684A1, 传输控制信令的方法和装置, 华为技术有限公司, , 2015-09-29, 2016-09-24, 2017-04-06, , 刘瑾-吴晔-毕晓艳, , 
95, WO2017000258A1, 一种获取信道状态信息的方法、装置, 华为技术有限公司, , 2015-06-30, 2015-06-30, 2017-01-05, , 吴晔-刘瑾-毕晓艳, , 
95.1, CN107615695A, 一种获取信道状态信息的方法、装置, 华为技术有限公司, , 2015-06-30, 2015-06-30, 2018-01-19, , 吴晔-刘瑾-毕晓艳, , https://patentimages.storage.googleapis.com/56/d9/8f/6d8b67d94b8751/CN107615695A.pdf
95.2, EP3301841A1, Method and apparatus for acquiring channel state information, Huawei Technologies Co Ltd, , 2015-06-30, 2015-06-30, 2018-04-04, , Ye Wu-Jin Liu-Xiaoyan Bi, , https://patentimages.storage.googleapis.com/fd/1f/54/662ec9364c9f61/EP3301841A1.pdf
96, WO2017219773A1, 配置信息传输方法、装置及系统, 华为技术有限公司, , 2016-06-21, 2017-05-09, 2017-12-28, , 杭海存-吴晔-刘瑾, , 
97, WO2016095134A1, 一种预编码信息收集方法及传输设备, 华为技术有限公司, , 2014-12-17, 2014-12-17, 2016-06-23, , 乔德礼-吴晔-陈大庚-刘瑾, , 
97.1, EP3226436A4, Pre-coding information collection method and transmission device, Huawei Technologies Co Ltd, , 2014-12-17, 2014-12-17, 2018-01-03, , Deli Qiao-Ye Wu-Dageng Chen-Jin Liu, , 
97.2, KR20170097708A, 프리코딩 정보 수집 방법 및 송신 기기, 후아웨이 테크놀러지 컴퍼니 리미티드, , 2014-12-17, 2014-12-17, 2017-08-28, , 더리 챠오-예 우-다겅 천-진 류, , https://patentimages.storage.googleapis.com/68/02/01/abd70d7b9b4c68/KR20170097708A.pdf
97.3, JP2018505589A, プリコーディング情報収集方法、及び送信デバイス, 華為技術有限公司Ｈｕａｗｅｉ Ｔｅｃｈｎｏｌｏｇｉｅｓ Ｃｏ．，Ｌｔｄ．華為技術有限公司Ｈｕａｗｅｉ  Ｔｅｃｈｎｏｌｏｇｉｅｓ  Ｃｏ．，Ｌｔｄ．, , 2014-12-17, 2014-12-17, 2018-02-22, , ▲徳▼礼 ▲喬▼-▲徳▼礼 ▲喬▼-▲曄▼ ▲呉▼-▲曄▼ ▲呉▼-大庚 ▲陳▼-大庚 ▲陳▼-瑾 ▲劉▼-瑾 ▲劉▼, , https://patentimages.storage.googleapis.com/7f/c5/f6/061b93da924729/JP2018505589A.pdf
97.4, CN107005296A, 一种预编码信息收集方法及传输设备, 华为技术有限公司, , 2014-12-17, 2014-12-17, 2017-08-01, , 乔德礼-吴晔-陈大庚-刘瑾, , https://patentimages.storage.googleapis.com/66/56/da/2bf8f5ac0e69eb/CN107005296A.pdf
97.5, US20170288760A1, Precoding information collection method and transmission device, Huawei Technologies Co Ltd, , 2014-12-17, 2017-06-16, 2017-10-05, , Deli Qiao-Ye Wu-Dageng Chen-Jin Liu, , https://patentimages.storage.googleapis.com/a4/e6/8a/55b36bb54d1444/US20170288760A1.pdf
98, WO2017193734A1, 参考信号的发送方法及设备, 华为技术有限公司, , 2016-05-13, 2017-04-05, 2017-11-16, , 刘瑾-毕晓艳-葛士斌, , 
99, WO2017133306A1, 传输导频信号的方法和装置, 华为技术有限公司, , 2016-02-03, 2016-11-28, 2017-08-10, , 施弘哲-刘瑾-陈大庚-毕晓艳, , 
100, WO2017121185A1, 一种参考信号的配置方法及设备, 华为技术有限公司, , 2016-01-13, 2016-11-18, 2017-07-20, , 刘瑾-杭海存-毕晓艳-陈大庚, , 
101, WO2016187784A1, 一种无线帧传输的方法和装置, 华为技术有限公司, , 2015-05-25, 2015-05-25, 2016-12-01, , 刘瑾-吴晔-陈大庚, , 
101.1, CN107615848A, 一种无线帧传输的方法和装置, 华为技术有限公司, , 2015-05-25, 2015-05-25, 2018-01-19, , 刘瑾-吴晔-陈大庚, , https://patentimages.storage.googleapis.com/f3/fa/37/d518d233168968/CN107615848A.pdf
102, WO2017054745A1, 传输控制信令的方法和装置, 华为技术有限公司, , 2015-09-29, 2016-09-29, 2017-04-06, , 刘瑾-吴晔-毕晓艳, , 
103, WO2017193727A1, 参考信号传输方法、网络设备、用户设备和通信系统, 华为技术有限公司, , 2016-05-12, 2017-03-31, 2017-11-16, , 毕晓艳-刘瑾-吴晔-杭海存, , 
104, WO2017113959A1, 信道估计方法、发送端设备和接收端设备, 华为技术有限公司, , 2015-12-28, 2016-10-25, 2017-07-06, , 陈大庚-刘瑾-刘永-施弘哲, , 
105, WO2018006741A1, 传输信号的方法和装置, 华为技术有限公司, , 2016-07-07, 2017-06-28, 2018-01-11, , 刘瑾-欧凯文·卡·勤-葛士斌-蒋鹏, , 
106, WO2017193804A1, 同步信号的发送、接收方法、基站及用户设备, 华为技术有限公司, , 2016-05-12, 2017-04-24, 2017-11-16, , 葛士斌-刘瑾-毕晓艳, , 
107, WO2018028343A1, 传输信号的方法和装置, 华为技术有限公司, , 2016-08-11, 2017-07-03, 2018-02-15, , 刘瑾-毕晓艳-蒋鹏-李剑, , 
108, WO2018054191A1, 免授权传输的方法、网络设备和终端设备, 华为技术有限公司, , 2016-09-26, 2017-08-21, 2018-03-29, , 张锦芳-卢磊-刘瑾, , 
109, WO2018028340A1, 低功耗模式下的ue的跟踪处理方法和设备, 华为技术有限公司, , 2016-08-11, 2017-06-30, 2018-02-15, , 刘瑾-欧凯文•卡•勤-张立清-张锦芳, , 
110, WO2018059151A1, 资源管理指示方法及装置, 华为技术有限公司, , 2016-09-28, 2017-08-15, 2018-04-05, , 罗俊-刘亚林-刘瑾, , 
111, WO2018028339A1, 同步处理方法、装置和设备, 华为技术有限公司, , 2016-08-12, 2017-06-30, 2018-02-15, , 刘瑾-黄磊-毕晓艳-金黄平, , 
S/N, ApplicationNumber, Title, AssigneeOriginal, Language, PriorityDate, FilingDate, PublicationDate, GrantDate, Inventor, Assignee, Pdf
112, EP3226436A1, Pre-coding information collection method and transmission device, Huawei Technologies Co Ltd, , 2014-12-17, 2014-12-17, 2017-10-04, , Deli QIAO-Ye Wu-Dageng Chen-Jin Liu, , https://patentimages.storage.googleapis.com/80/b5/ea/b361e63813a888/EP3226436A1.pdf
113, EP3301841A1, Method and apparatus for acquiring channel state information, Huawei Technologies Co Ltd, , 2015-06-30, 2015-06-30, 2018-04-04, , Ye Wu-Jin Liu-Xiaoyan Bi, , https://patentimages.storage.googleapis.com/fd/1f/54/662ec9364c9f61/EP3301841A1.pdf
114, WO2017195183A1, Precoding and channel state information acquisition for multi-stream transmissions in massive mimo systems, Huawei Technologies Co. Ltd., , 2016-05-13, 2017-05-15, 2017-11-16, , Lu WU-Wei Han-Peng Shang-Jin Liu-Xiaoyan Bi-Shibin GE-Dageng Chen, , 
